Latitude,Longitude,Name,Details,Donate
"-8.4162805,31.3821957","TALAMANZOU","undefined","0"
"-8.4410987,31.2326184","2OUIAT SIDI","undefined","0"
"-8.333363,31.390538","DAR LMOUKHTAR","undefined","0"
"-8.312729,31.362902","LAGIDA SFASAF","undefined","0"
"-8.3982249,31.3989676","TIQLITE","undefined","0"
"-8.381878,31.333913","LAMRAMDA ZAOUIAT","undefined","0"
"-8.387899,31.3408619","TAGOUMATE","undefined","0"
"-8.480628,31.463263","ADOUIFIR LHAZYA","undefined","0"
"-8.8824958,31.0769336","TISSAKHTE","undefined","0"
"-8.8689235,31.1227017","TIJJATE","undefined","0"
"-8.5858243,31.3810118","AIT SI","undefined","0"
"-8.472213,31.499165","ALIWA","undefined","0"
"-8.8799613,31.0395581","TIJDINE","undefined","0"
"-8.8550027,31.0460884","BIOUGRA","undefined","0"
"-8.8461417,31.0540103","AIT OUAKRIM","undefined","0"
"-8.8582343,31.0708827","EL KATTAJARTE","undefined","0"
"-8.683342,31.045354","TAMAZGOURTE","undefined","0"
"-8.663368,31.044548","TAGNITE","undefined","0"
"-8.546787,31.254357","ZAOUIAT EL","undefined","0"
"-8.6715088,31.3580094","OULAD ZAOUIA","undefined","0"
"-8.670453,31.366434","MOUL EL","undefined","0"
"-8.680493,31.339222","AZIB BEN","undefined","0"
"-8.647957,31.37694","LABABSA","undefined","0"
"-8.8984103,30.9969905","AFELLA IZDATEN","undefined","0"
"-8.8551564,31.1013535","TAGADIRT NBAAOUNE","undefined","0"
"-8.8715128,31.09117","TIGMATINE","undefined","0"
"-8.8747001,31.0774462","AOUSSIR","undefined","0"
"-8.856876,31.084505","AGHELLA","undefined","0"
"-8.8448408,31.122046","TIMADOUINE","undefined","0"
"-8.883069,31.100868","OTFANE","undefined","0"
"-8.9004071,31.1414237","TIWLI","undefined","0"
"-8.89415,31.121962","AGHBALOU","undefined","0"
"-8.904215,31.133173","AIT BEN","undefined","0"
"-8.7475701,30.9462435","TASSA","undefined","0"
"-8.7311945,30.9325168","AFANSOU","undefined","0"
"-8.683485,30.949915","TINAGRAT","undefined","0"
"-8.7165317,30.9431933","AIT BAHAMMOU","undefined","0"
"-8.8241261,31.0300448","TAGENZA IGOUNTAR","undefined","0"
"-8.7296591,31.1248671","TABYA","undefined","0"
"-8.700192,31.098414","TAGADIRTE","undefined","0"
"-8.700139,31.081963","ZINIT LALLA","undefined","0"
"-8.65498,31.060314","TAMTDJIT","undefined","0"
"-8.7068412,31.1059517","TABRADJOTE","undefined","0"
"-8.7147713,31.0307489","OUAN CHKRIR","undefined","0"
"-8.7620072,31.040572",""AIT M""HAMED"","undefined","0"
"-8.7371214,31.1344536","IGAREN SOUK","undefined","0"
"-8.860551,31.238675","ARATAL HAMMOU","undefined","0"
"-8.863679,31.249405","ARATAL AIT","undefined","0"
"-8.851072,31.206519","AIT ABDELLAH","undefined","0"
"-8.848859,31.198029","AIT YAHYA","undefined","0"
"-8.740933,31.068226","MAGHDIR","undefined","0"
"-8.8352527,31.2737596","TASBAIT","undefined","0"
"-8.793525,31.221457","TAQANNORT","undefined","0"
"-8.7812157,31.1202983","AGADIR","undefined","0"
"-8.7589749,31.1521237","TIBOURIYINE","undefined","0"
"-8.8134052,31.1647537","TIZI WARKIOUINE","undefined","0"
"-8.7807321,31.1573953","AGAWZE","undefined","0"
"-8.80275,31.03479","WANZIDE","undefined","0"
"-8.806077,31.080614","TAGADDOTE","undefined","0"
"-8.814069,31.070805","TAGADIRTE","undefined","0"
"-8.765461,31.084502","TALBORJTE","undefined","0"
"-8.492044,31.118924","MAJDID","undefined","0"
"-8.49842,31.109558","ADASSIL","undefined","0"
"-8.49426,31.161365","KARNI","undefined","0"
"-8.420847,31.126501","IMINIGHZAR","undefined","0"
"-8.4863557,31.1133474","IWNARNE (SOUK)","undefined","0"
"-8.4463576,31.2251177","IMINWASSIF","undefined","0"
"-8.468655,31.186134","TASKOURTE","undefined","0"
"-8.468071,31.198827","IMIGHZER","undefined","0"
"-8.4511972,31.2030269","ANABDOUR","undefined","0"
"-8.432764,31.158758","IGHRMANE","undefined","0"
"-8.4317211,31.2540592","TIGRAR","undefined","0"
"-8.4574475,31.2145514","TIMLILTE","undefined","0"
"-8.4507211,31.2195488","ZILAWTE","undefined","0"
"-8.7276893,31.2137974","OULGHASSE","undefined","0"
"-8.777008,31.211668","AIT ALI","undefined","0"
"-8.6957084,31.1919255","MSAFOUR","undefined","0"
"-8.7143654,31.2058403","BARHICH","undefined","0"
"-8.759331,31.224073","TAGANTANE","undefined","0"
"-8.7716593,31.2625332","TAZDIMT IFRANE","undefined","0"
"-8.8024731,31.2606198","AIT DAALI","undefined","0"
"-8.7799363,31.2529198","AGADIR IRIJDALENE","undefined","0"
"-8.6713656,31.149261","LAMSID","undefined","0"
"-8.6589596,31.1685674","TAMAZIRT","undefined","0"
"-8.733249,31.268604","TALAQBORNE","undefined","0"
"-8.725015,31.260863","IDAZZANE","undefined","0"
"-8.724409,31.274123","TAZDDIMTE AIT","undefined","0"
"-8.730837,31.233513","ZNADA","undefined","0"
"-8.29717,31.381019","AHL CHALGOUM","undefined","0"
"-8.319811,31.349273","LAGIDA DABOUZ","undefined","0"
"-8.3091013,31.3943345","SIDI RAYCH","undefined","0"
"-8.3139094,31.3801587","BEN SWINA","undefined","0"
"-8.3225473,31.3919221","LAHRACH","undefined","0"
"-8.2705787,31.3719312","LAGIDA AHL","undefined","0"
"-8.429543,31.447727","AZIB AIT","undefined","0"
"-8.429704,31.456088","AZIB LHASSYA","undefined","0"
"-8.446468,31.441558","AZIB BOULAROUG","undefined","0"
"-8.5300571,31.0144831","IGHRAME","undefined","0"
"-8.5262282,31.0117935","TAGOUMATE","undefined","0"
"-8.5240064,31.0093332","ALLOUSSE","undefined","0"
"-8.493209,30.9899011","ANSSA","undefined","0"
"-8.5306486,31.0043999","AIT KATTOF","undefined","0"
"-8.5003381,31.0734128","TARGUA","undefined","0"
"-8.5007425,31.0687974","AIT ALI","undefined","0"
"-8.489708,31.058982","TIKSITE","undefined","0"
"-8.4874309,31.0198628","TAMESSOULTE","undefined","0"
"-8.5838433,31.0112931","ARG","undefined","0"
"-8.607848,31.007173","TINDRI","undefined","0"
"-8.5551007,31.0402443","IGARNTIQURI","undefined","0"
"-8.5793612,31.0157374","IMIN IGHZARN","undefined","0"
"-8.492114,31.313274","LOUALIJA","undefined","0"
"-8.51891,31.355369","AIT AALOUACHE","undefined","0"
"-8.625557,30.973715","ISSOU QAN","undefined","0"
"-8.532431,31.364309","AIT BRAHIM","undefined","0"
"-8.498732,31.424355","SBAYTE","undefined","0"
"-8.506587,31.405448","AIT BELLA","undefined","0"
"-8.494497,31.397795","LAHRARCHA","undefined","0"
"-8.529584,31.393195","AIT HAMANE","undefined","0"
"-8.5041799,31.4946734","LAMAAYACHA","undefined","0"
"-8.4719729,31.4513815","BOULAAROUG","undefined","0"
"-8.591197,31.360394","BEN DOUKKALI","undefined","0"
"-8.5795707,31.4618227","FILALA","undefined","0"
"-8.5837759,31.4719566","ZKARA LIBEL","undefined","0"
"-8.588644,31.27006","LAGHRIBI","undefined","0"
"-8.5822645,31.2480486","LAMADIR","undefined","0"
"-8.622379,31.319785","AIT HASSAYNE","undefined","0"
"-8.5675798,31.2357345","TAGHKIWINE","undefined","0"
"-8.5545049,31.2228935","AIT ABDELLAH","undefined","0"
"-8.567695,31.226585","AGADIR ASLWANE","undefined","0"
"-8.5516482,31.2444947","ONGASTE","undefined","0"
"-8.540922,31.235146","EL BARI","undefined","0"
"-8.54782,31.248933","LHOUCH","undefined","0"
"-8.566999,31.24535","TIHANNAOUINE LAJBAH","undefined","0"
"-8.579349,31.283207","AIT MHAND","undefined","0"
"-8.5133882,31.2539381","TAHTE DRAA","undefined","0"
"-8.5200194,31.255607","AIT WARHMANE","undefined","0"
"-8.52343,31.232708","TACHKAKCHTE","undefined","0"
"-8.520328,31.224576","TIGANGMINE","undefined","0"
"-8.4720872,31.236872","ZAOUIAT SIDI","undefined","0"
"-8.4748283,31.2749168","SAKIAT SOLTANE","undefined","0"
"-8.470341,31.239303","TAGADIRT IGAZAR","undefined","0"
"-8.485418,31.236459","AIT BOU","undefined","0"
"-8.6831447,31.2206175","AIT NIFI","undefined","0"
"-8.4746625,31.2857987","SAHB AIT","undefined","0"
"-8.50419,31.289776","IKFAYANE","undefined","0"
"-8.47197,31.261205","AWRIR","undefined","0"
"-8.6837806,31.1934929","TIGHAZRATINE","undefined","0"
"-8.6529124,31.211133","TNID","undefined","0"
"-8.678342,31.241868","IRIQ TAHTANI","undefined","0"
"-8.650509,31.240864","AIT MELLOUL","undefined","0"
"-8.652895,31.2020357","AGADIR IRAGAGENE","undefined","0"
"-8.6342933,31.1955279","BOUJARATE","undefined","0"
"-8.634055,31.188101","IZAGHRI","undefined","0"
"-8.667219,31.188158","KATTOUSSE","undefined","0"
"-8.599421,31.295554","TIHOUNA IMZILEN","undefined","0"
"-8.588406,31.231832","TAMAZIRT","undefined","0"
"-8.5851922,31.1999596","IDOUGHASS","undefined","0"
"-8.645288,31.2381607","ANAZDI","undefined","0"
"-8.598884,31.233116",""IGUERNA""LLA"","undefined","0"
"-8.621384,31.214587","TOUKHRIBINE","undefined","0"
"-8.604636,31.225514","TAOURIRTE","undefined","0"
"-8.610508,31.220294","AIT ELAIN","undefined","0"
"-8.635297,31.248947","LAMKIMENE","undefined","0"
"-8.595126,31.290993","LQARQBA","undefined","0"
"-8.590697,31.231345","AIT NACER","undefined","0"
"-8.59286,31.224645","AZILAL","undefined","0"
"-8.7486308,31.3059387","SEHB LAATROUSSE","undefined","0"
"-8.8074139,31.2515068","OULAD ABDELMALEK","undefined","0"
"-8.7780548,31.288551","LAKHLALTA OULAD","undefined","0"
"-8.739027,31.3480153","OULAD ZIR","undefined","0"
"-8.8288615,31.2812751","OULAD SIDI","undefined","0"
"-8.5680219,30.996545","TAGHRATE","undefined","0"
"-8.4742026,31.0502255","TAMAGOUNSI","undefined","0"
"-8.4818039,31.0876456","TIZGUI","undefined","0"
"-8.540242,31.043392","ANZELFI","undefined","0"
"-8.4764212,30.9916768","AMESLOH","undefined","0"
"-8.4695487,31.0098417","TADDARATE","undefined","0"
"-8.4788685,31.1082475","TIGNARINE","undefined","0"
"-8.498189,31.156834","TIL IWA","undefined","0"
"-8.486583,31.17519","ZAOUIAT ILAMTI","undefined","0"
"-8.5350979,31.0615865","TAWNGHASTE","undefined","0"
"-8.4877,31.166708","IMINRKHA","undefined","0"
"-8.859564,31.223062","ARATAL BOUCHTA","undefined","0"
"-8.852167,31.212005","AIT IMACHKOUK","undefined","0"
"-8.850055,31.215003","BYOUGRA","undefined","0"
"-8.789249,31.038143","AWOULA","undefined","0"
"-8.7806152,31.1271827","AWINASSE","undefined","0"
"-8.7863099,31.1168122","IGHILANE","undefined","0"
"-8.7976618,31.1581772","TALAT OUQYAR","undefined","0"
"-8.772901,31.240363","AGADIR MHAND","undefined","0"
"-8.7686227,31.2301424","TIGHAMI LAJDID","undefined","0"
"-8.700743,31.177127","MAIDJATE","undefined","0"
"-8.7823242,31.2438026","LAAGABE","undefined","0"
"-8.601452,31.281055","LAHRACH","undefined","0"
"-8.59523,31.289085","MRABTINE","undefined","0"
"-8.580596,31.203047","AIT CHARAF","undefined","0"
"-8.625409,31.170736","AMASSINE","undefined","0"
"-8.591213,31.227883","BIRBBOU","undefined","0"
"-8.507392,31.2531","BOUZOUGA","undefined","0"
"-8.482765,31.293346","DAHRA","undefined","0"
"-8.621835,31.20669","TLAGONS","undefined","0"
"-8.6447854,31.2135236","TABIA","undefined","0"
"-8.564201,31.243824","IGAZDARENE","undefined","0"
"-8.5118042,31.3278094","IZERRABOQ","undefined","0"
"-8.556617,31.241306","ASGAWERE","undefined","0"
"-8.559459,31.2266864","ASLOUNE","undefined","0"
"-8.575604,31.2072812","WIDALENE","undefined","0"
"-8.5502749,31.1931535","TIMICHCHI","undefined","0"
"-8.494655,31.236504","TITE","undefined","0"
"-8.526302,31.245064","TIZI","undefined","0"
"-8.075122,31.419564","OUMNASS","undefined","0"
"-8.3441159,30.9958662","AGADIR NIMARGHSEN","undefined","0"
"-8.3784335,31.0016791","AGHALLA","undefined","0"
"-8.3783382,30.9910755","TAZGZAOUTE","undefined","0"
"-8.363328,30.9931048","TAWRIRTE","undefined","0"
"-8.1604507,30.9998447","IMI NOUGARZI","undefined","0"
"-8.151535,30.9851442","INA FGANE","undefined","0"
"-8.1634577,30.9814001","TASGA NWARG","undefined","0"
"-8.2466571,30.9590941","TASSOUAKTE","undefined","0"
"-8.2556359,30.9386311","TIGAMMA NIGRANE","undefined","0"
"-8.210658,30.959346","AGOURGUINE","undefined","0"
"-8.191605,30.9902355","TARWATE","undefined","0"
"-8.427415,30.9003827","WIZAMMARNE","undefined","0"
"-8.4376005,30.919704","ADOUZ","undefined","0"
"-8.4902207,30.8962752","AGADIR NIJANATEN","undefined","0"
"-8.07858,30.977688","IGHIR","undefined","0"
"-8.0972077,31.0142989","TAJGALTE","undefined","0"
"-8.0296687,31.0003208","TIKENTAFINE","undefined","0"
"-8.0847505,30.9454115","MAJOU","undefined","0"
"-8.0925648,30.9578707","TINFITE","undefined","0"
"-8.139897,31.063167","TOUG EL","undefined","0"
"-8.1381981,31.0721822","TIGOURRAMINE","undefined","0"
"-8.184767,31.092711","WASSANTOTE","undefined","0"
"-8.0249648,30.9983384","AIT AYOUBE","undefined","0"
"-8.0415621,31.0721341","TEZ GUI","undefined","0"
"-8.000638,31.284499","TOYOLI KIKE","undefined","0"
"-8.1811907,31.1325538","AGARDE","undefined","0"
"-8.144488,31.113595","TINISKTE","undefined","0"
"-8.313204,31.269992","BOUESSYL","undefined","0"
"-8.0497909,31.3356706","OUAOUERGE","undefined","0"
"-8.006658,31.336084","IGUER NOUM'ADE","undefined","0"
"-7.9939,31.286918","IMKOUIZA","undefined","0"
"-8.311655,31.241721","LMAHI","undefined","0"
"-8.301701,31.247632","AIT WASMIH","undefined","0"
"-8.308374,31.220249","TIFADDINE","undefined","0"
"-8.290067,31.25226","AIT WAZARNE","undefined","0"
"-8.244681,31.182102","SLAMT","undefined","0"
"-8.261226,31.161819","TOUGUE EL","undefined","0"
"-8.2397165,31.2023808","TIZI GHOURANE","undefined","0"
"-8.223183,31.196605","TAFAGAGHT","undefined","0"
"-8.27,31.091007","ASSOUL","undefined","0"
"-8.259964,31.131632","IMZAINE","undefined","0"
"-7.975984,31.134221","IDAISSA","undefined","0"
"-7.980293,31.142647","TADDARTE","undefined","0"
"-8.3604279,31.2576435","TAGUENZERTE","undefined","0"
"-8.352453,31.265491","BOUIBITASS","undefined","0"
"-8.379009,31.229079","AGADIR ICHAWLIDENE","undefined","0"
"-8.341395,31.234236","AGADIR BARAGHA","undefined","0"
"-8.17237,31.207532","AGUER SOUAK","undefined","0"
"-8.203325,31.196146","AMZZI","undefined","0"
"-8.259619,31.269605","AIT CHKI","undefined","0"
"-8.25695,31.276197","AGADIR SFIH","undefined","0"
"-8.174888,31.223193","WAMAST","undefined","0"
"-8.1151118,31.2100369","ANZAD","undefined","0"
"-8.150344,31.204374","AIT HSSAINE","undefined","0"
"-8.09841,31.354226","OUKHRIBNE","undefined","0"
"-8.076194,31.296363","ZZI","undefined","0"
"-8.080937,31.250409","AGADIR IZNAGUENE","undefined","0"
"-8.07083,31.245908","TADCHARTE","undefined","0"
"-8.181126,31.357438","CHOUIRIJE","undefined","0"
"-8.137451,31.431729","BEN SALEM","undefined","0"
"-8.1378044,31.2585236","AIT SAID","undefined","0"
"-8.092441,31.294004","TIFARWINE","undefined","0"
"-8.065914,31.414922","TAGADIRTE EL","undefined","0"
"-7.996342,31.280722","TOYOLI OU","undefined","0"
"-8.024706,31.286274","TADARTE KIKE","undefined","0"
"-8.037201,31.283529","AMSSINE KIKE","undefined","0"
"-8.031583,31.353071","TAZROUT","undefined","0"
"-8.0170239,31.3637368","AGHBALOU","undefined","0"
"-7.99115,31.34595","AGADIR SIDI","undefined","0"
"-7.993482,31.339203","IKARDE EL","undefined","0"
"-8.0472416,31.3380654","TIGHIRT","undefined","0"
"-8.043785,31.339076","TABOUJGANA","undefined","0"
"-8.040997,31.349574","ID BOUYAHIA","undefined","0"
"-8.022377,31.331381","ALLOUARG","undefined","0"
"-8.2039545,30.9578769","AGNI","undefined","0"
"-8.2147302,30.9563419","TOUZZONTANE","undefined","0"
"-8.1588134,30.9792151","ALLA NOUMARZI","undefined","0"
"-8.1865428,30.9870694","TALAT NYAKOUB","undefined","0"
"-8.184626,30.990834","AMAGDOULE","undefined","0"
"-8.1971069,30.9889483","DOU GOUJ","undefined","0"
"-8.1676413,30.9963704","AZROY N'SOUK","undefined","0"
"-8.2538768,30.978389","ADRAG","undefined","0"
"-8.244373,30.971236","ANABDOUR","undefined","0"
"-8.24372,30.968546","MZOUZITE","undefined","0"
"-8.1962394,30.9943015","AIT BARRIHI","undefined","0"
"-8.2873912,30.9277422","ASSOULE","undefined","0"
"-8.3125089,30.9395554","AMSSED","undefined","0"
"-8.3552948,30.9437999","TIFNI","undefined","0"
"-8.3077472,30.9078019","IFAZDADNE","undefined","0"
"-8.062764,31.15852","TAKHAFSATE","undefined","0"
"-8.2564705,30.9515155","IGHIL","undefined","0"
"-8.2662159,30.9486367","AZAL","undefined","0"
"-8.2208195,30.9529016","AIT BOUJMAA","undefined","0"
"-7.980911,31.139967","TAHLIWINE","undefined","0"
"-7.985305,31.138909","TIZI YANE","undefined","0"
"-7.973023,31.11902","TIZI OUSSAME","undefined","0"
"-7.977688,31.137181","AGUINANE","undefined","0"
"-8.0633429,31.0885456","TARGA","undefined","0"
"-8.0091532,31.190065","TINZARTE","undefined","0"
"-8.065913,31.17223","ANRAZE","undefined","0"
"-8.056884,31.167818","TOUROURTE","undefined","0"
"-8.0959819,31.1311683","AMASGUINE","undefined","0"
"-8.0984554,31.1533877","TAGADIRTE EL","undefined","0"
"-8.119663,31.123004","IMAGDAL","undefined","0"
"-8.075989,31.092895","TAWITE","undefined","0"
"-8.187585,31.132012","TIZIRTE","undefined","0"
"-8.2011686,31.1409095","AIT HSSAYNE","undefined","0"
"-8.067655,31.064674","AMASLANE","undefined","0"
"-8.051494,31.120226","ASSIF ZAGZAWNE","undefined","0"
"-8.119471,30.9685545","TAGHBARTE","undefined","0"
"-8.067363,30.9303336","TIGDIDE NIZDARENE","undefined","0"
"-8.046483,30.927976","TAGHZIRTE","undefined","0"
"-8.1540309,30.9936195","IJOKAKE","undefined","0"
"-8.0415873,30.993864","AKRDA","undefined","0"
"-8.048074,30.9909657","AIT MOUSSA","undefined","0"
"-8.061441,30.991273","TIGHARGHISTE","undefined","0"
"-8.1332681,30.9736778","DAR EL","undefined","0"
"-8.1114643,31.0240295","TASAMOUTE","undefined","0"
"-8.1221654,31.0245093","ALANOU MAZGHNI","undefined","0"
"-8.0032747,30.9970509","INKZDAME","undefined","0"
"-8.0333937,30.9942005","ATKI","undefined","0"
"-8.3194865,30.9784297","TADAFALTE","undefined","0"
"-8.290117,30.9746613","TAOURIRTE N'IZDAR","undefined","0"
"-8.2645027,30.9755187","TASSILA","undefined","0"
"-8.3420153,31.0001866","TIMSLAH","undefined","0"
"-8.3321748,30.9912182","GHASSAT","undefined","0"
"-8.3127393,30.9981769","TIZI TIGARTE","undefined","0"
"-8.3030573,30.9959224","OUDDIF","undefined","0"
"-7.908825,31.223119","TISSILI","undefined","0"
"-8.40914,30.990275","ARGUE","undefined","0"
"-8.3977229,30.9848078","WAWDID","undefined","0"
"-7.91669,31.126237","ARAMD","undefined","0"
"-7.909981,31.140965","AIT SOUKA","undefined","0"
"-7.926283,31.136985","MEZZIKENE","undefined","0"
"-7.925307,31.160414","AGUERSIOUAL","undefined","0"
"-7.938914,31.204923","IMSKAR","undefined","0"
"-7.946955,31.178213","OUAOUSSAFL","undefined","0"
"-7.949907,31.190824","TINITINE","undefined","0"
"-7.921946,31.137235","IMLIL","undefined","0"
"-7.978107,31.228796","DR ASNI","undefined","0"
"-7.986995,31.239028","TAMGOUNSI","undefined","0"
"-7.9577912,31.2005676","TAGADIRTE NAIT","undefined","0"
"-7.9558622,31.1928341","IMI OU","undefined","0"
"-8.4417014,30.9169516","ZRIJT","undefined","0"
"-8.4249502,30.9152043","IGG","undefined","0"
"-8.3949437,30.9300568","IKIS","undefined","0"
"-8.3983488,30.9120663","TANAMMARE","undefined","0"
"-8.333247,31.277115","IMI-N- CHAABTE","undefined","0"
"-8.328674,31.245023","DAMRATE","undefined","0"
"-8.302759,31.299576","TWIBYA","undefined","0"
"-8.313207,31.305118","LASHAB","undefined","0"
"-8.303546,31.203632","TAGADIRTE","undefined","0"
"-8.312455,31.204381","TIALITE","undefined","0"
"-8.310356,31.231343","AIT BOUHADDOU","undefined","0"
"-8.303242,31.229495","LMOUNJLI","undefined","0"
"-8.32474,31.233703","AIT WAGANNA","undefined","0"
"-8.314993,31.242226","TIGRAR OU","undefined","0"
"-8.32382,31.264499","TABOUABDALLITE","undefined","0"
"-8.310663,31.245736","AWOUDIDE","undefined","0"
"-8.216772,31.290563","IGOUDAR","undefined","0"
"-8.256095,31.266381","ZAOUIA","undefined","0"
"-8.237645,31.269978","LAKHMISSE","undefined","0"
"-8.234875,31.262446","LAMHAMID","undefined","0"
"-8.16078,31.290252","AIT AMARA","undefined","0"
"-8.269191,31.244034","TAZEFRIT","undefined","0"
"-8.266884,31.247207","AIT DIB","undefined","0"
"-8.2766946,31.2513458","JNANE HEMAR","undefined","0"
"-8.359608,31.357645","OULAD HASSONE","undefined","0"
"-8.374033,31.365037","EL MRIJA","undefined","0"
"-8.27021,31.264921","LAAOUINA","undefined","0"
"-8.371942,31.373422","AIT ALLAL","undefined","0"
"-8.263862,31.267702","AIT BOUHAMED","undefined","0"
"-8.265707,31.277377","LAASSAKRA","undefined","0"
"-8.295218,31.340121","GOUJGAL","undefined","0"
"-8.349752,31.349887","OULAD DIB","undefined","0"
"-8.049215,31.272659","TADROKHTE","undefined","0"
"-8.0570441,31.2583459","AGDOUR KIK","undefined","0"
"-8.022766,31.241795","TIZI WADO","undefined","0"
"-8.086299,31.2595982","OUARIALTE","undefined","0"
"-8.089421,31.291753","FRASS","undefined","0"
"-8.082302,31.289695","BOUTOUR","undefined","0"
"-8.084168,31.299193","TAMZZARTE","undefined","0"
"-8.066144,31.303526","TIGZITE","undefined","0"
"-8.1429228,31.3089087","TALAT INOUAL","undefined","0"
"-8.141924,31.284909","IJAWANE","undefined","0"
"-8.1372408,31.2697169","LARJAME","undefined","0"
"-8.1382142,31.2637918","AIT BOUALI","undefined","0"
"-8.370435,31.276336","HAMOUCH","undefined","0"
"-8.392698,31.221906","TIRKHASTE","undefined","0"
"-8.37865,31.282062","AZIB ICHAWLIDENE","undefined","0"
"-8.371667,31.290663","AZIB DOU-OUZROU","undefined","0"
"-8.394985,31.255873","ADDAR AIT","undefined","0"
"-8.382404,31.242096","IWRAGHANE","undefined","0"
"-8.343646,31.283511","TIFRATINE","undefined","0"
"-8.348548,31.231188","AIT SMILE","undefined","0"
"-8.3854284,31.2519039","DAR LJAMAA","undefined","0"
"-8.378295,31.242869","AGADIR NAIT","undefined","0"
"-8.410916,31.296912","ASSAKWI","undefined","0"
"-8.389153,31.238678","BOUKHALF","undefined","0"
"-8.361244,31.109757","AIT IHLA","undefined","0"
"-8.356686,31.107148","TLATE","undefined","0"
"-8.315937,31.119117","ANARNI","undefined","0"
"-8.313582,31.140664","AZGOUR","undefined","0"
"-8.276432,31.117757","TILFITINE","undefined","0"
"-8.268556,31.101501","TALAT NWARGUE","undefined","0"
"-8.251925,31.086708","OURMARE","undefined","0"
"-8.271357,31.086307","TIZI OUSSOUL","undefined","0"
"-8.257939,31.146681","INFAGUE","undefined","0"
"-8.264666,31.136488","AYNAGHDE","undefined","0"
"-8.256293,31.142134","DOU ANAMAR","undefined","0"
"-8.265746,31.126005","ADOUZE","undefined","0"
"-8.276808,31.215983","AZROU WADAKER","undefined","0"
"-8.2233344,31.2447795","TIGUENZIWINE","undefined","0"
"-8.253311,31.209218","TALAT N'YAHIA","undefined","0"
"-8.2501967,31.2313339","TALILITE","undefined","0"
"-8.187723,31.175402","AIT IRGHIT","undefined","0"
"-8.175801,31.182945","TIZGUI","undefined","0"
"-8.179227,31.201179","AFLLA IGHIL","undefined","0"
"-8.170361,31.217463","AIT ZITOUN","undefined","0"
"-8.167801,31.222991","AIT BOUZID","undefined","0"
"-8.193572,31.239759","TIGDALT","undefined","0"
"-8.1944381,31.1936803","ZAOUIT","undefined","0"
"-8.2022081,31.2107335","IZALAGHEN","undefined","0"
"-8.138076,31.451178","EL QUACHLA","undefined","0"
"-8.7640984,30.7516159","TAMSOULT","undefined","0"
"-8.7640478,30.7769925","AGUERD","undefined","0"
"-8.7631767,30.79828","TAGANTOURTE","undefined","0"
"-8.7634932,30.7429047","IMOULASS","undefined","0"
"-8.7509828,30.782064","AMECHTAKATE","undefined","0"
"-8.7249117,30.768154","TIKFELT","undefined","0"
"-8.6972997,30.7898258","IKHOUDAMNE","undefined","0"
"-8.046183,30.860234","IBARZIZANE","undefined","0"
"-7.976194,30.862247","TANMAGUELTE","undefined","0"
"-7.9536754,30.8394757","TIZGUI NOUKHOUCHE","undefined","0"
"-8.0223902,30.8596692","AFELLA NOUZEGROUZE","undefined","0"
"-8.0003956,30.8567592","TANDILTE","undefined","0"
"-7.921892,30.876497","AIT MAADE","undefined","0"
"-7.920754,30.884499","TIFKILTE","undefined","0"
"-7.932746,30.902215","IGHEBLI","undefined","0"
"-7.945344,30.907094","TIZGUI NIBARAGHNE","undefined","0"
"-7.948316,30.921062","TAGADIRTE AIT","undefined","0"
"-7.9415465,30.9765765","ZAOUTE","undefined","0"
"-7.9468742,30.9671012","TAMSOULT","undefined","0"
"-7.9383046,30.9738306","TASSOUANTE","undefined","0"
"-7.932995,30.9735261","TARGA","undefined","0"
"-7.924592,30.9838787","WAWARG","undefined","0"
"-7.9051237,30.9929725","ANMITERE","undefined","0"
"-8.8446154,30.9335708","IKACHANEN","undefined","0"
"-8.8380982,30.9536223","AGOUJGALE","undefined","0"
"-8.831515,30.900618","TANOUTE","undefined","0"
"-8.817243,30.908423","TANOUZAKTE","undefined","0"
"-8.7858783,30.8750257","ANNOUMSSE","undefined","0"
"-8.7755117,30.8779617","TAZIRTE","undefined","0"
"-8.8316078,30.8720123","AKHFERGA","undefined","0"
"-8.8077343,30.8753281","TAGUENZA","undefined","0"
"-8.846282,30.8547058","KORMATE","undefined","0"
"-8.8503931,30.8635888","AMDROUSS","undefined","0"
"-8.394038,30.840626","IKHFUSS","undefined","0"
"-8.399185,30.837683","ALAGOU","undefined","0"
"-8.416805,30.8556","MAGAT","undefined","0"
"-8.420602,30.837773","IFGHI","undefined","0"
"-8.327708,30.850363","AIT IBOURK","undefined","0"
"-8.329643,30.845112","TAKALIT","undefined","0"
"-8.47146,30.849606","TIZIRTNOUDBDI","undefined","0"
"-8.483847,30.835022","IGHILAN ADBDI","undefined","0"
"-8.450197,30.822635","TIRKNIT","undefined","0"
"-8.438338,30.80709","AIT MERHOUCH","undefined","0"
"-8.442221,30.819194","ARMD","undefined","0"
"-8.421309,30.800682","TALBOURINE","undefined","0"
"-8.424654,30.8032","AGUERSAFN","undefined","0"
"-8.0559287,30.7563294","IDOKKALANE","undefined","0"
"-8.07129,30.785191","TAMDNESTE","undefined","0"
"-8.0448478,30.7771686","AMSGUERTE","undefined","0"
"-8.085698,30.789924","ISLI","undefined","0"
"-8.0830696,30.7420379","TAGANTE","undefined","0"
"-8.0760563,30.7649885","AMEZNASSE","undefined","0"
"-8.086405,30.782915","TALEMSSAOUTE","undefined","0"
"-8.141293,30.7239656","TAKHOUCHTE","undefined","0"
"-8.072825,30.714231","IGUIRNOUDAR","undefined","0"
"-8.0666806,30.7166514","TOUG ELKHIR","undefined","0"
"-8.1592986,30.7136645","TIGHANIMINE","undefined","0"
"-8.1618192,30.7336391","KOULATE","undefined","0"
"-8.143126,30.7773978","TANFFETE","undefined","0"
"-8.1426502,30.7831657","TAWRIRT NIGUIDI","undefined","0"
"-8.1028861,30.7369977","TINFIL","undefined","0"
"-8.104642,30.738593","AGNI NIGHEL","undefined","0"
"-8.420988,30.620164","AL MJARDINE","undefined","0"
"-8.42015,30.629913","ZAOUIAT EL","undefined","0"
"-8.401844,30.626051","IMNACH","undefined","0"
"-8.415021,30.618938",""TAGADIRT N""AIT","undefined","0"
"-8.335755,30.648645","TINNIGT","undefined","0"
"-8.394905,30.613449","AIT BAMAR","undefined","0"
"-8.378186,30.63788","TACHADIRTE","undefined","0"
"-8.361594,30.636401","TAZOUKANIT","undefined","0"
"-8.35474,30.639684","AIN OUGAYDA","undefined","0"
"-8.583368,30.797586","AGUERD OURIGH","undefined","0"
"-8.584019,30.793266","TIGHINMIMT","undefined","0"
"-8.595383,30.7911","TIZA-YRHE","undefined","0"
"-8.578571,30.822928","AL KHOUMS","undefined","0"
"-8.582267,30.846144","AMANDAR","undefined","0"
"-8.569436,30.865613","TALMODAT","undefined","0"
"-8.554155,30.868735","AMGUERNIS","undefined","0"
"-8.553546,30.864393","TITBIRINE","undefined","0"
"-8.608603,30.848287","TAMSOULT","undefined","0"
"-8.628602,30.827803","IHERFACH","undefined","0"
"-8.626531,30.858574","TISSALE","undefined","0"
"-8.626486,30.84607","IRHIL","undefined","0"
"-8.624127,30.775421","IGUIANE","undefined","0"
"-8.620542,30.772636","TAKHAZNIT","undefined","0"
"-8.603671,30.778256","TAKOUCHT","undefined","0"
"-8.588845,30.777083","OUZIGHIMT","undefined","0"
"-8.642763,30.748725","IGHAZRA","undefined","0"
"-8.595165,30.752644","TIRAZAT","undefined","0"
"-8.619283,30.750303","IMINTFARKI","undefined","0"
"-8.636859,30.746919","IFASFASS","undefined","0"
"-8.5543637,30.7126937","TAGOUNSSIM","undefined","0"
"-8.5508845,30.701681","ZAOUIAT BOU","undefined","0"
"-8.5420595,30.7005462","SINS","undefined","0"
"-8.5458826,30.7296705","TALGJOUNT","undefined","0"
"-8.5464236,30.7397158",""IGUER N""OUFELLA"","undefined","0"
"-8.5166185,30.7882496","ABOUZIANE","undefined","0"
"-8.5151097,30.7603348","BOUYAKHFAOUN","undefined","0"
"-8.513156,30.817948","TIZKI","undefined","0"
"-8.5164208,30.7854499","AFZA","undefined","0"
"-8.481244,30.7822852",""AGADIR OU","undefined","0"
"-8.486973,30.785693","AZROU TAOUINAKHT","undefined","0"
"-8.4664382,30.7583169","AIN AGOURAM","undefined","0"
"-8.476549,30.755867","TAWRIRT ACHBAROU","undefined","0"
"-8.443916,30.767328","AIT YOUSSEF","undefined","0"
"-8.337156,30.835761","IDAGHASSANE","undefined","0"
"-8.343039,30.810572","AIT OUABDI","undefined","0"
"-8.344261,30.82714","AMSKRAR","undefined","0"
"-8.366903,30.804805","MSSOUNA","undefined","0"
"-8.3910266,30.7739891","TOUKHRIBINE","undefined","0"
"-8.3862657,30.7702661","AIT HAMMOU","undefined","0"
"-8.3817196,30.7675966","AIT ADDI","undefined","0"
"-8.3899739,30.7636374","MARKAZ TAFINGOULT","undefined","0"
"-8.2874189,30.7472801",""AOURIR N""IRK"","undefined","0"
"-8.2851296,30.7554902","TIFTIT","undefined","0"
"-8.2580103,30.7597391","AGDOUR","undefined","0"
"-8.2731106,30.7573455","AIT SLIMANE","undefined","0"
"-8.280465,30.839798","TAKHFAKHT","undefined","0"
"-8.281171,30.85859","AMGDOUL","undefined","0"
"-8.306346,30.817517","TIZIRT HAGUIRA","undefined","0"
"-8.305393,30.82245","AIT HADDOU","undefined","0"
"-8.302549,30.819776","TIOULI","undefined","0"
"-8.296354,30.81804","TAGOUDACHTE","undefined","0"
"-8.3133501,30.7648965","ALMDAD","undefined","0"
"-8.3045185,30.7934397","TAMIJARCHT","undefined","0"
"-8.318155,30.774272","AMGHAZ","undefined","0"
"-8.3403858,30.7671717","AMANE N-OULILI","undefined","0"
"-8.307994,30.714343","AIT YOUSS","undefined","0"
"-8.304507,30.714871","ICHCHOUKHRA","undefined","0"
"-8.308667,30.71156","START N-TOULOUA","undefined","0"
"-8.32138,30.721845","AIT HMID","undefined","0"
"-8.301174,30.715708","AIT ALI","undefined","0"
"-8.315317,30.711668","TARGANT","undefined","0"
"-8.326781,30.739066","AIT YOUSSAYH","undefined","0"
"-8.2995284,30.7405732","SIDI BOUNAGUA","undefined","0"
"-8.33201,30.732074","TOUCHAA","undefined","0"
"-8.336513,30.709929","TAWRAKT","undefined","0"
"-8.332701,30.71794","AIT HAMMOU","undefined","0"
"-8.3122,30.693037","AGADIR YATINE","undefined","0"
"-8.356078,30.716708","IGORGAR","undefined","0"
"-8.3370956,30.6928083","TAGHZRIFT","undefined","0"
"-8.316422,30.684193","AGADIR OUARAB","undefined","0"
